Timestamp,ElapsedMinutes,HttpStatus,DockerHealthy,DockerRunning,RestartTotal,CpuPercent,AvailableMB,DiskReadBps,DiskWriteBps,NetRecvBps,NetSendBps,Error
"2026-07-11T09:27:26.8830080-07:00",0.0,200,3,3,0,27,5472,0,230439,1180,220,""
"2026-07-11T09:32:30.9180547-07:00",5.1,200,3,3,0,15,6074,0,4036,168,113,""
"2026-07-11T09:37:34.6009901-07:00",10.1,200,3,3,0,39,6035,0,32754,170,114,""
"2026-07-11T09:42:38.2207076-07:00",15.2,200,3,3,0,7,6070,4566,85747,693,114,""
"2026-07-11T09:47:41.8551898-07:00",20.3,200,3,3,0,0,6083,0,186452,1956,2345,""
"2026-07-11T09:52:45.5490962-07:00",25.3,200,3,3,0,5,6073,0,32566,368,298,""
"2026-07-11T09:57:49.1846224-07:00",30.4,200,3,3,0,0,6205,0,40872,139,137,""
"2026-07-11T10:02:52.8789316-07:00",35.4,200,3,3,0,2,6149,0,72896,0,0,""
"2026-07-11T10:07:56.5157728-07:00",40.5,200,3,3,0,22,6204,4575,2208860,1074971,12943,""
"2026-07-11T10:13:00.1648661-07:00",45.6,200,3,3,0,9,6250,0,40512,0,0,""
"2026-07-11T10:18:03.7874254-07:00",50.6,200,3,3,0,0,6264,392506,147190,0,0,""
"2026-07-11T10:23:07.4371676-07:00",55.7,200,3,3,0,14,6480,0,56677,4510,4124,""
"2026-07-11T10:28:11.0887615-07:00",60.7,200,3,3,0,18,6574,0,177934,138,53,""
"2026-07-11T10:33:14.8530477-07:00",65.8,200,3,3,0,10,6696,4554,20748,59,53,""
"2026-07-11T10:38:18.5162331-07:00",70.9,200,3,3,0,9,6687,0,0,686,879,""
"2026-07-11T10:43:22.1508407-07:00",75.9,200,3,3,0,16,6755,0,12130,685,655,""
"2026-07-11T10:48:25.7833475-07:00",81.0,200,3,3,0,15,6738,0,141808,511,333,""
"2026-07-11T10:53:29.4163266-07:00",86.0,200,3,3,0,8,6800,0,0,356,0,""
"2026-07-11T10:58:33.0606288-07:00",91.1,200,3,3,0,20,6801,4598,462387,0,57,""
"2026-07-11T11:03:36.7337799-07:00",96.2,200,3,3,0,32,6756,0,357330,226,54,""
"2026-07-11T11:08:40.3603117-07:00",101.2,200,3,3,0,1,6730,4543,125686,119,179,""
"2026-07-11T11:13:44.0050679-07:00",106.3,200,3,3,0,6,6725,0,174414,0,0,""
"2026-07-11T11:18:47.6107731-07:00",111.3,200,3,3,0,14,6713,0,137859,0,0,""
"2026-07-11T11:23:51.2331253-07:00",116.4,200,3,3,0,2,6742,0,16312,0,54,""
"2026-07-11T11:28:54.8419692-07:00",121.5,200,3,3,0,6,6720,0,12095,0,0,""
"2026-07-11T11:33:58.5342725-07:00",126.5,200,3,3,0,0,6717,4582,53458,0,0,""
"2026-07-11T11:39:02.1512780-07:00",131.6,200,3,3,0,7,6762,0,36369,289843,3880,""
"2026-07-11T11:44:05.7552073-07:00",136.7,200,3,3,0,52,6720,0,354986,0,0,""
"2026-07-11T11:49:09.3647474-07:00",141.7,200,3,3,0,8,6720,0,283269,0,0,""
"2026-07-11T11:54:12.9834637-07:00",146.8,200,3,3,0,37,6738,0,56635,259,249,""
"2026-07-11T11:59:16.5936604-07:00",151.8,200,3,3,0,14,6715,4567,154779,0,0,""
"2026-07-11T12:04:20.2219191-07:00",156.9,200,3,3,0,2,6656,0,535298,500,1335,""
"2026-07-11T12:09:23.8497856-07:00",162.0,200,3,3,0,12,6709,0,48640,0,0,""
"2026-07-11T12:14:27.5099995-07:00",167.0,200,3,3,0,5,6665,0,20276,0,0,""
"2026-07-11T12:19:31.1688028-07:00",172.1,200,3,3,0,20,6686,0,114088,286908,6792,""
"2026-07-11T12:24:34.8223143-07:00",177.1,200,3,3,0,2,6715,4553,40977,3578,4330,""
"2026-07-11T12:29:38.4324099-07:00",182.2,200,3,3,0,0,6677,0,0,0,0,""
"2026-07-11T12:34:42.1218862-07:00",187.3,200,3,3,0,9,6665,0,65107,686,656,""
"2026-07-11T12:39:45.7128937-07:00",192.3,200,3,3,0,1,6671,0,40606,0,0,""
"2026-07-11T12:44:49.3316745-07:00",197.4,200,3,3,0,6,6667,0,130269,0,0,""
"2026-07-11T12:49:52.9471424-07:00",202.4,200,3,3,0,29,6665,4554,57181,0,0,""
"2026-07-11T12:54:56.5258304-07:00",207.5,200,3,3,0,4,6708,0,48689,0,0,""
"2026-07-11T13:00:00.1258928-07:00",212.6,200,3,3,0,0,6709,0,36669,0,0,""
"2026-07-11T13:05:03.8174761-07:00",217.6,200,3,3,0,8,6632,4067,40669,677,647,""
"2026-07-11T13:10:07.4594473-07:00",222.7,200,3,3,0,45,6689,0,48433,0,0,""
"2026-07-11T13:15:11.0531947-07:00",227.7,200,3,3,0,3,6647,0,68637,0,0,""
"2026-07-11T13:20:20.2287543-07:00",232.9,200,3,3,0,13,6651,0,0,0,0,""
"2026-07-11T13:25:23.8461675-07:00",238.0,200,3,3,0,3,6758,4557,130118,0,0,""
"2026-07-11T13:30:27.4716185-07:00",243.0,200,3,3,0,4,6739,0,209665,0,0,""
"2026-07-11T13:35:31.1599764-07:00",248.1,200,3,3,0,9,6715,0,8184,0,0,""
"2026-07-11T13:40:34.7678308-07:00",253.1,200,3,3,0,12,6713,0,117488,0,0,""
"2026-07-11T13:45:38.3877048-07:00",258.2,200,3,3,0,1,6674,0,461258,60,54,""
"2026-07-11T13:50:41.9649231-07:00",263.3,200,3,3,0,0,6656,4575,94048,679,649,""
"2026-07-11T13:55:45.5672800-07:00",268.3,200,3,3,0,0,6642,0,32403,218,0,""
"2026-07-11T14:00:49.2057741-07:00",273.4,200,3,3,0,2,6664,0,425834,0,0,""
"2026-07-11T14:05:52.8817351-07:00",278.4,200,3,3,0,6,6665,0,0,179,1404,""
"2026-07-11T14:10:56.5004677-07:00",283.5,200,3,3,0,1,6668,0,178159,59,41,""
"2026-07-11T14:16:00.1392769-07:00",288.6,200,3,3,0,50,6627,4549,57121,372,301,""
"2026-07-11T14:21:03.7471277-07:00",293.6,200,3,3,0,4,6683,0,404695,372,300,""
"2026-07-11T14:26:07.3287534-07:00",298.7,200,3,3,0,16,6680,0,0,0,0,""
"2026-07-11T14:31:10.9286657-07:00",303.7,200,3,3,0,9,6627,0,32530,995,171,""
"2026-07-11T14:36:14.6493179-07:00",308.8,200,3,3,0,10,6648,0,28346,139,137,""
"2026-07-11T14:41:18.2364886-07:00",313.9,200,3,3,0,10,6667,4587,371558,441,923,""
"2026-07-11T14:46:21.8597028-07:00",318.9,200,3,3,0,17,6626,0,88754,82,54,""
"2026-07-11T14:51:25.4883215-07:00",324.0,200,3,3,0,6,6629,0,344479,0,0,""
"2026-07-11T14:56:29.1061587-07:00",329.0,200,3,3,0,22,6621,0,0,907,658,""
"2026-07-11T15:01:32.7116151-07:00",334.1,200,3,3,0,12,6620,0,20240,0,0,""
"2026-07-11T15:06:36.3826991-07:00",339.2,200,3,3,0,5,6653,4586,53504,0,0,""
"2026-07-11T15:11:39.9902166-07:00",344.2,200,3,3,0,7,6668,0,102371,0,0,""
"2026-07-11T15:16:43.5845116-07:00",349.3,200,3,3,0,10,6628,0,56828,0,0,""
"2026-07-11T15:21:47.1899766-07:00",354.3,200,3,3,0,35,6628,0,36551,59,0,""
"2026-07-11T15:26:50.8138481-07:00",359.4,200,3,3,0,14,6708,0,48478,0,0,""
"2026-07-11T15:31:54.4263958-07:00",364.5,200,3,3,0,20,6642,0,61058,955,169,""
"2026-07-11T15:36:58.0856774-07:00",369.5,200,3,3,0,9,6632,0,32396,238,405,""
"2026-07-11T15:42:01.7007162-07:00",374.6,200,3,3,0,6,6659,4560,45093,745,273,""
"2026-07-11T15:47:05.3701404-07:00",379.6,200,3,3,0,13,6616,0,85289,1358,1962,""
"2026-07-11T15:52:08.9906658-07:00",384.7,200,3,3,0,12,6591,0,231880,685,710,""
"2026-07-11T15:57:12.5964061-07:00",389.8,200,3,3,0,10,6532,0,16250,0,0,""
"2026-07-11T16:02:16.2248871-07:00",394.8,200,3,3,0,3,6642,0,395396,0,83,""
"2026-07-11T16:07:19.9049773-07:00",399.9,200,3,3,0,21,6548,4584,24955,0,0,""
"2026-07-11T16:12:23.5110997-07:00",404.9,200,3,3,0,9,6591,0,64832,309,351,""
"2026-07-11T16:17:27.1111273-07:00",410.0,200,3,3,0,10,6603,0,4056,981,1577,""
"2026-07-11T16:22:30.7296973-07:00",415.1,200,3,3,0,9,6521,0,32628,0,0,""
"2026-07-11T16:27:34.3514148-07:00",420.1,200,3,3,0,19,6583,0,89352,82,53,""
"2026-07-11T16:32:37.9756515-07:00",425.2,200,3,3,0,10,6585,4579,549981,138,202,""
"2026-07-11T16:37:41.6790893-07:00",430.3,200,3,3,0,46,6529,0,0,216,0,""
"2026-07-11T16:42:45.3480396-07:00",435.3,200,3,3,0,8,6582,0,32723,0,0,""
"2026-07-11T16:47:48.9466790-07:00",440.4,200,3,3,0,41,6565,0,332666,0,0,""
"2026-07-11T16:52:52.5577240-07:00",445.4,200,3,3,0,37,6532,0,153857,0,0,""
"2026-07-11T16:57:56.1487909-07:00",450.5,200,3,3,0,3,6518,4582,204163,310,352,""
"2026-07-11T17:02:59.7555043-07:00",455.6,200,3,3,0,4,6611,0,40860,60,58,""
"2026-07-11T17:08:03.4751640-07:00",460.6,200,3,3,0,8,6579,0,0,607,1294,""
"2026-07-11T17:13:07.0838802-07:00",465.7,200,3,3,0,7,6590,0,40605,0,0,""
"2026-07-11T17:18:10.6726631-07:00",470.7,200,3,3,0,21,6513,0,0,59,41,""
"2026-07-11T17:23:14.3154837-07:00",475.8,200,3,3,0,3,6480,4571,102095,5430,2243,""
"2026-07-11T17:28:17.9207022-07:00",480.9,200,3,3,0,3,6557,0,0,309,350,""
"2026-07-11T17:33:21.5813034-07:00",485.9,200,3,3,0,7,6543,4544,44931,0,0,""
"2026-07-11T17:38:25.2668522-07:00",491.0,200,3,3,0,33,6565,0,0,0,0,""
"2026-07-11T17:43:28.9002425-07:00",496.0,200,3,3,0,14,6602,0,512054,0,0,""
"2026-07-11T17:48:32.5036950-07:00",501.1,200,3,3,0,6,6582,0,85000,101,83,""
"2026-07-11T17:53:36.1412400-07:00",506.2,200,3,3,0,10,6556,0,48518,373,302,""
"2026-07-11T17:58:39.7594271-07:00",511.2,200,3,3,0,19,6518,4589,20903,139,191,""
"2026-07-11T18:03:43.3610443-07:00",516.3,200,3,3,0,5,6484,0,487908,0,0,""
"2026-07-11T18:08:47.0618607-07:00",521.3,200,3,3,0,9,6573,0,32317,6799,7407,""
"2026-07-11T18:13:50.7043320-07:00",526.4,200,3,3,0,0,6545,0,133835,59,53,""
"2026-07-11T18:18:54.3431860-07:00",531.5,200,3,3,0,14,6499,0,360919,8613,5711,""
"2026-07-11T18:23:57.9846331-07:00",536.5,200,3,3,0,17,6581,4560,758490,82,53,""
"2026-07-11T18:29:01.5949849-07:00",541.6,200,3,3,0,8,6472,0,129616,139,54,""
"2026-07-11T18:34:05.2268527-07:00",546.6,200,3,3,0,0,6407,0,36627,0,0,""
"2026-07-11T18:39:08.9342254-07:00",551.7,200,3,3,0,17,6517,0,4057,0,0,""
"2026-07-11T18:44:12.5718964-07:00",556.8,200,3,3,0,51,6498,0,330054,0,0,""
"2026-07-11T18:49:16.1857205-07:00",561.8,200,3,3,0,23,6459,4545,73218,1668,54,""
"2026-07-11T18:54:19.8019812-07:00",566.9,200,3,3,0,8,6429,42090,539565,60,54,""
"2026-07-11T18:59:23.4142478-07:00",571.9,200,3,3,0,15,6414,0,32462,486,395,""
"2026-07-11T19:04:27.0315106-07:00",577.0,200,3,3,0,10,6458,0,60983,60,112,""
"2026-07-11T19:09:30.6964277-07:00",582.1,200,3,3,0,7,6507,0,40668,0,0,""
"2026-07-11T19:14:34.3264147-07:00",587.1,200,3,3,0,4,6473,4607,168401,0,0,""
"2026-07-11T19:19:37.9619228-07:00",592.2,200,3,3,0,6,6457,0,4064,739,391,""
"2026-07-11T19:24:41.5670731-07:00",597.2,200,3,3,0,10,6498,0,125010,936,53,""
"2026-07-11T19:29:45.1708538-07:00",602.3,200,3,3,0,0,6445,0,371868,0,0,""
"2026-07-11T19:34:48.8093520-07:00",607.4,200,3,3,0,19,6446,0,36525,0,0,""
"2026-07-11T19:39:52.4964017-07:00",612.4,200,3,3,0,38,6480,4564,260159,525,350,""
"2026-07-11T19:44:56.1219010-07:00",617.5,200,3,3,0,7,6453,64615,339231,0,0,""
"2026-07-11T19:49:59.7488299-07:00",622.6,200,3,3,0,2,6451,4562,81605,218,0,""
"2026-07-11T19:55:03.3595631-07:00",627.6,200,3,3,0,5,6363,0,40458,139,137,""
"2026-07-11T20:00:06.9663703-07:00",632.7,200,3,3,0,10,6409,0,592567,1859,616,""
"2026-07-11T20:05:10.5755582-07:00",637.7,200,3,3,0,18,6387,0,4080,0,0,""
"2026-07-11T20:10:14.2263890-07:00",642.8,200,3,3,0,46,6507,0,48659,0,0,""
"2026-07-11T20:15:17.8578940-07:00",647.9,200,3,3,0,6,6336,0,109686,0,0,""
"2026-07-11T20:20:21.4814211-07:00",652.9,200,3,3,0,9,6457,0,141573,0,0,""
"2026-07-11T20:25:25.1123512-07:00",658.0,200,3,3,0,10,6486,0,77197,0,0,""
"2026-07-11T20:30:28.7389644-07:00",663.0,200,3,3,0,1,6508,4552,105706,137,82,""
"2026-07-11T20:35:32.3743060-07:00",668.1,200,3,3,0,43,6519,0,85884,0,0,""
"2026-07-11T20:40:36.0453354-07:00",673.2,200,3,3,0,5,6593,0,287837,0,0,""
"2026-07-11T20:45:39.6782214-07:00",678.2,200,3,3,0,12,6482,0,32296,111610,2674,""
"2026-07-11T20:50:43.3384727-07:00",683.3,200,3,3,0,5,6411,0,49031,0,0,""
"2026-07-11T20:55:46.9583332-07:00",688.3,200,3,3,0,9,6470,0,279151,0,0,""
"2026-07-11T21:00:50.5658491-07:00",693.4,200,3,3,0,2,6554,0,32496,903,1326,""
"2026-07-11T21:05:54.1952179-07:00",698.5,200,3,3,0,1,6559,4555,632091,856,898,""
"2026-07-11T21:10:57.8644947-07:00",703.5,200,3,3,0,8,6760,0,60823,0,0,""
"2026-07-11T21:16:01.4861491-07:00",708.6,200,3,3,0,0,6811,0,0,0,0,""
"2026-07-11T21:21:05.1071871-07:00",713.6,200,3,3,0,14,6825,0,109142,878,171,""
"2026-07-11T21:26:08.7299618-07:00",718.7,200,3,3,0,4,6696,0,93874,0,0,""
"2026-07-11T21:31:12.3417898-07:00",723.8,200,3,3,0,27,6911,4562,81614,0,0,""
"2026-07-11T21:36:15.9231641-07:00",728.8,200,3,3,0,45,6731,0,731858,0,0,""
"2026-07-11T21:41:19.6880448-07:00",733.9,200,3,3,0,39,6561,0,374164,137,135,""
"2026-07-11T21:46:23.3035125-07:00",738.9,200,3,3,0,5,6794,0,319124,179,1742,""
"2026-07-11T21:51:26.9663256-07:00",744.0,200,3,3,0,16,6762,0,4051,60,0,""
"2026-07-11T21:56:30.6062687-07:00",749.1,200,3,3,0,8,6162,4571,49263,0,0,""
"2026-07-11T22:01:34.2558367-07:00",754.1,200,3,3,0,6,6860,0,32441,181,0,""
