"DisplayName","Profile","Direction","Action"
"Wi-Fi Direct Spooler Use (In)","Public","Inbound","Allow"
"Core Networking - IPv6 (IPv6-In)","Any","Inbound","Allow"
"Delivery Optimization (UDP-In)","Any","Inbound","Allow"
"Core Networking - Router Advertisement (ICMPv6-In)","Any","Inbound","Allow"
"Core Networking - Destination Unreachable Fragmentation Needed (ICMPv4-In)","Any","Inbound","Allow"
"Core Networking - Dynamic Host Configuration Protocol (DHCP-In)","Any","Inbound","Allow"
"Network Discovery (WSD-In)","Private","Inbound","Allow"
"Core Networking - Dynamic Host Configuration Protocol for IPv6(DHCPV6-In)","Any","Inbound","Allow"
"Wi-Fi Direct Scan Service Use (In)","Public","Inbound","Allow"
"Network Discovery (WSD-In)","Private","Inbound","Allow"
"Network Discovery (WSD Events-In)","Private","Inbound","Allow"
"Core Networking - Neighbor Discovery Solicitation (ICMPv6-In)","Any","Inbound","Allow"
"Remote Assistance (DCOM-In)","Domain","Inbound","Allow"
"Network Discovery (WSD EventsSecure-In)","Private","Inbound","Allow"
"Remote Assistance (RA Server TCP-In)","Domain","Inbound","Allow"
"Network Discovery (UPnP-In)","Private","Inbound","Allow"
"Microsoft Media Foundation Network Source IN [UDP 5004-5009]","Any","Inbound","Allow"
"Delivery Optimization (TCP-In)","Any","Inbound","Allow"
"Core Networking - Router Solicitation (ICMPv6-In)","Any","Inbound","Allow"
"Wireless Display Infrastructure Back Channel (TCP-In)","Any","Inbound","Allow"
"Network Discovery (Pub-WSD-In)","Private","Inbound","Allow"
"Remote Assistance (PNRP-In)","Domain, Private","Inbound","Allow"
"DIAL protocol server (HTTP-In)","Domain","Inbound","Allow"
"Core Networking - Neighbor Discovery Advertisement (ICMPv6-In)","Any","Inbound","Allow"
"Microsoft Media Foundation Network Source IN [TCP 554]","Any","Inbound","Allow"
"Network Discovery (NB-Name-In)","Private","Inbound","Allow"
"Core Networking - Parameter Problem (ICMPv6-In)","Any","Inbound","Allow"
"Core Networking - Teredo (UDP-In)","Any","Inbound","Allow"
"Remote Assistance (SSDP UDP-In)","Domain, Private","Inbound","Allow"
"Network Discovery (SSDP-In)","Private","Inbound","Allow"
"Connected Devices Platform (UDP-In)","Domain, Private","Inbound","Allow"
"Connected Devices Platform (TCP-In)","Domain, Private","Inbound","Allow"
"mDNS (UDP-In)","Private","Inbound","Allow"
"Network Discovery (LLMNR-UDP-In)","Private","Inbound","Allow"
"Core Networking - Packet Too Big (ICMPv6-In)","Any","Inbound","Allow"
"Core Networking - IPHTTPS (TCP-In)","Any","Inbound","Allow"
"AllJoyn Router (TCP-In)","Domain, Private","Inbound","Allow"
"AllJoyn Router (UDP-In)","Domain, Private","Inbound","Allow"
"Core Networking - Multicast Listener Done (ICMPv6-In)","Any","Inbound","Allow"
"Core Networking - Destination Unreachable (ICMPv6-In)","Any","Inbound","Allow"
"Network Discovery (NB-Datagram-In)","Private","Inbound","Allow"
"Connected Devices Platform - Wi-Fi Direct Transport (TCP-In)","Public","Inbound","Allow"
"Wi-Fi Direct Network Discovery (In)","Public","Inbound","Allow"
"Wireless Display (TCP-In)","Any","Inbound","Allow"
"Remote Assistance (SSDP TCP-In)","Domain, Private","Inbound","Allow"
"Proximity sharing over TCP (TCP sharing-In)","Any","Inbound","Allow"
"Core Networking - Internet Group Management Protocol (IGMP-In)","Any","Inbound","Allow"
"Core Networking - Multicast Listener Report v2 (ICMPv6-In)","Any","Inbound","Allow"
"Core Networking - Multicast Listener Query (ICMPv6-In)","Any","Inbound","Allow"
"Core Networking - Multicast Listener Report (ICMPv6-In)","Any","Inbound","Allow"
"DIAL protocol server (HTTP-In)","Private","Inbound","Allow"
"Core Networking - Time Exceeded (ICMPv6-In)","Any","Inbound","Allow"
"mDNS (UDP-In)","Domain","Inbound","Allow"
"Remote Assistance (TCP-In)","Domain, Private","Inbound","Allow"
"mDNS (UDP-In)","Public","Inbound","Allow"
"Cast to Device streaming server (RTCP-Streaming-In)","Private","Inbound","Allow"
"Cast to Device streaming server (RTCP-Streaming-In)","Domain","Inbound","Allow"
"Cast to Device streaming server (RTSP-Streaming-In)","Domain","Inbound","Allow"
"Cast to Device functionality (qWave-UDP-In)","Private, Public","Inbound","Allow"
"Cast to Device streaming server (HTTP-Streaming-In)","Private","Inbound","Allow"
"Cast to Device functionality (qWave-TCP-In)","Private, Public","Inbound","Allow"
"Cast to Device SSDP Discovery (UDP-In)","Public","Inbound","Allow"
"Cast to Device UPnP Events (TCP-In)","Public","Inbound","Allow"
"Cast to Device streaming server (RTSP-Streaming-In)","Private","Inbound","Allow"
"Cast to Device streaming server (RTCP-Streaming-In)","Public","Inbound","Allow"
"Cast to Device streaming server (HTTP-Streaming-In)","Domain","Inbound","Allow"
"Cast to Device streaming server (HTTP-Streaming-In)","Public","Inbound","Allow"
"Cast to Device streaming server (RTSP-Streaming-In)","Public","Inbound","Allow"
"WFD Driver-only (TCP-In)","Any","Inbound","Allow"
"WFD Driver-only (UDP-In)","Any","Inbound","Allow"
"WFD ASP Coordination Protocol (UDP-In)","Any","Inbound","Allow"
"Work or school account","Domain, Private","Inbound","Allow"
"Desktop App Web Viewer","Domain, Private, Public","Inbound","Allow"
"Your account","Domain, Private","Inbound","Allow"
"Start","Domain, Private","Inbound","Allow"
"Windows Feature Experience Pack","Domain, Private","Inbound","Allow"
"Microsoft Sticky Notes","Domain, Private","Inbound","Allow"
"Windows Operator messages","Domain, Private, Public","Inbound","Allow"
"Wireless Display","Domain, Private, Public","Inbound","Allow"
"File and Printer Sharing (LLMNR-UDP-In)","Public","Inbound","Allow"
"File and Printer Sharing (NB-Datagram-In)","Public","Inbound","Allow"
"File and Printer Sharing (Echo Request - ICMPv6-In)","Public","Inbound","Allow"
"File and Printer Sharing (SMB-In)","Public","Inbound","Allow"
"File and Printer Sharing (Echo Request - ICMPv4-In)","Public","Inbound","Allow"
"File and Printer Sharing (NB-Session-In)","Public","Inbound","Allow"
"File and Printer Sharing (Spooler Service - RPC-EPMAP)","Public","Inbound","Allow"
"File and Printer Sharing (NB-Name-In)","Public","Inbound","Allow"
"File and Printer Sharing (Spooler Service Worker - RPC)","Public","Inbound","Allow"
"File and Printer Sharing (Spooler Service - RPC)","Public","Inbound","Allow"
"File and Printer Sharing (Restrictive) (Echo Request - ICMPv6-In)","Public","Inbound","Allow"
"File and Printer Sharing (Restrictive) (Spooler Service - RPC-EPMAP)","Public","Inbound","Allow"
"File and Printer Sharing (Restrictive) (Echo Request - ICMPv4-In)","Public","Inbound","Allow"
"File and Printer Sharing (Restrictive) (Spooler Service Worker - RPC)","Public","Inbound","Allow"
"File and Printer Sharing (Restrictive) (Spooler Service - RPC)","Public","Inbound","Allow"
"File and Printer Sharing (Restrictive) (LLMNR-UDP-In)","Public","Inbound","Allow"
"File and Printer Sharing (Restrictive) (SMB-In)","Public","Inbound","Allow"
"Microsoft Teams","Any","Inbound","Allow"
"Microsoft Teams","Any","Inbound","Allow"
"Microsoft Teams","Any","Inbound","Allow"
"Microsoft Teams","Any","Inbound","Allow"
"Microsoft Teams","Domain, Private, Public","Inbound","Allow"
"Microsoft Edge (mDNS-In)","Any","Inbound","Allow"
"iperf3.exe","Public","Inbound","Allow"
"iperf3.exe","Public","Inbound","Allow"
"Windows Security","Domain, Private","Inbound","Allow"
"Windows Camera","Domain, Private","Inbound","Allow"
"Feedback Hub","Domain, Private","Inbound","Allow"
"Windows Default Lock Screen","Domain, Private","Inbound","Allow"
"Windows Shell Experience","Domain, Private","Inbound","Allow"
"ms-resource:ProductPkgDisplayName","Public","Inbound","Allow"
"ms-resource:ProductPkgDisplayName","Private","Inbound","Allow"
"ms-resource:ProductPkgDisplayName","Public","Inbound","Allow"
"ms-resource:ProductPkgDisplayName","Private","Inbound","Allow"
"Windows Feature Experience Pack","Domain, Private, Public","Inbound","Allow"
"Windows Feature Experience Pack","Domain, Private","Inbound","Allow"
"ms-resource:ProductPkgDisplayName","Public","Inbound","Allow"
"ms-resource:ProductPkgDisplayName","Private","Inbound","Allow"
"ms-resource:ProductPkgDisplayName","Public","Inbound","Allow"
"ms-resource:ProductPkgDisplayName","Private","Inbound","Allow"
"Windows Feature Experience Pack","Domain, Private, Public","Inbound","Allow"
"Microsoft Edge WebView2 mDNS [UDP]","Any","Inbound","Allow"
"Microsoft Store","Domain, Private, Public","Inbound","Allow"
"Windows Operator messages","Domain, Private, Public","Inbound","Allow"
"LocalSend","Public","Inbound","Allow"
"LocalSend","Public","Inbound","Allow"
"LocalSend","Any","Inbound","Allow"
"LocalSend","Any","Inbound","Allow"
"App Installer","Domain, Private","Inbound","Allow"
"Microsoft Sticky Notes","Domain, Private","Inbound","Allow"
"Microsoft Journal","Domain, Private","Inbound","Allow"
"Solitaire & Casual Games","Domain, Private","Inbound","Allow"
"Mobile Plans","Domain, Private","Inbound","Allow"
"Store Experience Host","Domain, Private","Inbound","Allow"
"Microsoft To Do","Domain, Private","Inbound","Allow"
"ms-resource:ProductDisplayName","Any","Inbound","Allow"
"ms-resource:ProductDisplayName","Any","Inbound","Allow"
"ms-resource:ProductDisplayName","Any","Inbound","Allow"
"MSN Weather","Domain, Private","Inbound","Allow"
"Windows Media Player","Domain, Private","Inbound","Allow"
"Windows Clock","Domain, Private","Inbound","Allow"
"Microsoft 365 Copilot","Any","Inbound","Allow"
"Microsoft 365 Copilot","Any","Inbound","Allow"
"LightningX VPN In","Private, Public","Inbound","Allow"
"sing-tun (C:\Program Files (x86)\ShanLian VPN\shanlian\bin\lightningx-windows-amd64.exe)","Any","Inbound","Allow"
"Hyper-V Management Clients - WMI (DCOM-In)","Any","Inbound","Allow"
"Hyper-V Management Clients - WMI (TCP-In)","Any","Inbound","Allow"
"Hyper-V Management Clients - WMI (Async-In)","Any","Inbound","Allow"
"Hyper-V - WMI (TCP-In)","Any","Inbound","Allow"
"Hyper-V - WMI (Async-In)","Any","Inbound","Allow"
"Hyper-V (REMOTE_DESKTOP_TCP_IN)","Any","Inbound","Allow"
"Hyper-V (MIG-TCP-In)","Any","Inbound","Allow"
"Hyper-V - WMI (DCOM-In)","Any","Inbound","Allow"
"Hyper-V (RPC-EPMAP)","Any","Inbound","Allow"
"Hyper-V (RPC)","Any","Inbound","Allow"
"Docker Desktop Backend","Public","Inbound","Allow"
"Docker Desktop Backend","Public","Inbound","Allow"
"Windows PowerShell","Public","Inbound","Allow"
"Windows PowerShell","Public","Inbound","Allow"
"Microsoft Edge (mDNS-In)","Any","Inbound","Allow"
"Microsoft Edge (mDNS-In)","Any","Inbound","Allow"
"Game Bar","Domain, Private, Public","Inbound","Allow"
"Feedback Hub","Domain, Private","Inbound","Allow"
"Xbox","Domain, Private","Inbound","Allow"
"Windows Camera","Domain, Private","Inbound","Allow"
"Microsoft 365 Copilot","Domain, Private, Public","Inbound","Allow"
"HNS Container Networking - ICS DNS (TCP-In) - C08CB7B8-9B3C-408E-8E30-5E16A3AEB445 - 0","Any","Inbound","Allow"
"HNS Container Networking - DNS (UDP-In) - C08CB7B8-9B3C-408E-8E30-5E16A3AEB445 - 0","Any","Inbound","Allow"
"HNS Container Networking - ICS DNS (TCP-In) - 790E58B4-7939-4434-9358-89AE7DDBE87F - 0","Any","Inbound","Allow"
"HNS Container Networking - DNS (UDP-In) - 790E58B4-7939-4434-9358-89AE7DDBE87F - 0","Any","Inbound","Allow"
